generation,best_fitness,mean_fitness
0,0.0029207650246301487,0.0029207650246301504
